{
  "wifi": "24cc42d9-b5fa-4419-a6cf-d8ec3a78e61e.png",
  "ble": "16567ffa-4402-4e35-8395-000db31d9c16.png",
  "rf": "6b17676d-f72c-4ea5-b55f-8e978d8fb94c.png",
  "rfid": "42c0a86e-2825-433d-a89d-a21a02b79fd2.png",
  "ir": "9448e0d6-7f6d-4dd2-a71a-bdb94a4502db.png",
  "fm": "dbea25a8-cefe-4aff-a15a-0a720275bb96.png",
  "files": "ca5d06bd-9ac0-450d-8f32-dd8dd90f9f89.png",
  "gps": "63d39baf-4720-4342-8b23-c4285d6efaaa.png",
  "nrf": "5c1cefa5-aafd-4ebf-a906-c6444d0e7afb.png",
  "interpreter": "df847978-5440-4080-9bc5-da4fade2e3b7.png",
  "others": "38b25144-89b9-4f49-ba71-2a19e46fcef4.png",
  "clock": "5927979f-b8f6-4971-9c05-f5db04f46a36.png",
  "connect": "0c365fa5-eca9-4dbd-8645-43f4c81f1f96.png",
  "config": "f83d14fb-5bd6-427f-87cc-e8d8b75b4c38.png",
  "priColor": "ffff",
  "secColor": "ffff",
  "bgColor": "0000",
  "border": 1,
  "label": 0
}