{
  "wifi": "fb4d6cb7-62d0-410e-be4d-6b017bc42c4a.png",
  "rf": "a99044fb-9549-4eb3-a778-59765ae9c799.png",
  "rfid": "b52ebe84-9bdc-49f6-a4d7-0d2e52c5f99b.png",
  "ir": "250c45e3-ab3f-4dfe-af62-91193f272347.png",
  "fm": "26bf45ad-e66f-492e-a45e-0933d1aab8af.png",
  "files": "8f1316b2-a9a0-40c6-b933-57c81ae5f936.png",
  "ble": "e912d9bd-316c-4323-a95b-39e435309cea.png",
  "gps": "fc7671d5-6432-4ca3-be9f-da7ba7f2e875.png",
  "nrf": "7815a33e-ff15-457e-acae-35757e109e09.png",
  "interpreter": "15207a4a-b953-45be-a538-13fbbe34eaa1.png",
  "others": "3717e2da-3765-4002-b5d2-3faa8140eb7c.png",
  "clock": "9cd7e83b-920f-4cf5-9ef5-8c6c9d8fda74.png",
  "connect": "4abd2c1b-4f7e-4d37-b6a9-792b2232bdbd.png",
  "config": "5f07df83-a6fb-46d6-ae9c-676aa642ebe0.png",
  "priColor": "ffff",
  "secColor": "a534",
  "bgColor": "31a6",
  "border": 1,
  "label": 0
}