{
  "files": "icona_Davide_File.png",
  "nrf": "icona_Davide_NRF.png",
  "wifi": "icona_Davide_WIFI.png",
  "interpreter": "icona_Davide_JS.png",
  "rfid": "icona_Davide_RFID.png",
  "config": "icona_Davide_Config.png",
  "gps": "icona_Davide_GPS.png",
  "clock": "icona_Davide_Clock.png",
  "ir": "icona_Davide_IR.png",
  "connect": "icona_Davide_Connect.png",
  "rf": "icona_Davide_RF.png",
  "ble": "icona_Davide_Bluetooth.png",
  "fm": "icona_Davide_Radio.png",
  "others": "icona_Davide_Others.png",
  "priColor": "c1e2",
  "secColor": "0000",
  "bgColor": "ff3a",
  "border": 0,
  "label": 0
}