{
  "ir": "9ca83a70-9efb-48f6-af67-838e6952be55.png",
  "files": "be03a805-097c-4da5-9384-e1495a614171.png",
  "gps": "1c9d8924-cd8f-41ad-921e-2dee0e7b8f93.png",
  "wifi": "1.png",
  "rf": "3.png",
  "ble": "2.png",
  "nrf": "6298f61a-5f14-4ef0-8301-fb2228d0fb0d.png",
  "rfid": "4.png",
  "interpreter": "4a0f3e1d-e3bc-4cae-a4a5-c5a27399ebb4.png",
  "others": "f33bedc2-9557-4305-97f1-d34cea8b4f27.png",
  "clock": "e1eb7c48-a424-4d21-a7c2-0f9d1cf997e6.png",
  "fm": "6.png",
  "connect": "189160be-3608-4dc4-b01c-552832adacae.png",
  "config": "6bfb28c4-34d7-4040-8e68-40ad86627f6e.png",
  "priColor": "ffff",
  "secColor": "ce79",
  "bgColor": "0000",
  "border": 0,
  "label": 0
}